CloudBees CodeShip,/marketplace/cloudbees-codeship
GuardRails,/marketplace/guardrails
Flaptastic,/marketplace/flaptastic
Cirrus CI,/marketplace/cirrus-ci
Google Cloud Build,/marketplace/google-cloud-build
Azure Pipelines,/marketplace/azure-pipelines
App Center,/marketplace/app-center
AppVeyor,/marketplace/appveyor
Travis CI,/marketplace/travis-ci
Percy,/marketplace/percy
CircleCI,/marketplace/circleci
Buddy,/marketplace/buddy
Semaphore,/marketplace/semaphore
Codefresh,/marketplace/codefresh
AccessLint,/marketplace/accesslint
Hound,/marketplace/hound
Cloud 66 Skycap,/marketplace/cloud-66-skycap
Cloud 66 for Rails,/marketplace/cloud-66-for-rails
WhiteSource Bolt,/marketplace/whitesource-bolt
Check Run Reporter,/marketplace/check-run-reporter
Zube,/marketplace/zube
ZenHub,/marketplace/zenhub
BuildPulse,/marketplace/buildpulse
Check TODO,/marketplace/check-todo
Deliverybot,/marketplace/deliverybot
Auto Merge,/marketplace/auto-merge
Fire CI,/marketplace/fire-ci
GradientCI,/marketplace/gradientci
Merge Freeze,/marketplace/merge-freeze
Task list completed,/marketplace/task-list-completed
Rultor.com,/marketplace/rultor-com
unmock,/marketplace/unmock
GitHint Bot,/marketplace/githint-bot
Packit-as-a-Service,/marketplace/packit-as-a-service
Codemagic CI/CD,/marketplace/codemagic-ci-cd
Extant DevSecOps,/marketplace/extant-devsecops
Pika,/marketplace/pika-ci-cd
SeriesCI,/marketplace/series-ci
Semantic PR Title,/marketplace/semantic-pr-title
Node App Helper Actions,/marketplace/actions/node-app-helper-actions
Run ESLint,/marketplace/actions/run-eslint
Run Jest,/marketplace/actions/run-jest
Stale,/marketplace/stale
git Actions,/marketplace/actions/git-actions
rsync deployments,/marketplace/actions/rsync-deployments
PHP Lint,/marketplace/actions/php-lint
Pyflakes Syntax Checker,/marketplace/actions/pyflakes-syntax-checker
Upgrade to Python 3,/marketplace/actions/upgrade-to-python-3
Black Code Formatter,/marketplace/actions/black-code-formatter
Helm Package,/marketplace/actions/helm-package
Gradle Android,/marketplace/actions/gradle-android
Get Changed Files,/marketplace/actions/get-changed-files
Telegram Notify,/marketplace/actions/telegram-notify
Conditional Failure,/marketplace/actions/conditional-failure
Jenkinsfile Runner Prepackaged,/marketplace/actions/jenkinsfile-runner-prepackaged
Trigger GitLab CI,/marketplace/actions/trigger-gitlab-ci
Trigger Jenkins Job,/marketplace/actions/trigger-jenkins-job
Automatic Merge,/marketplace/actions/automatic-merge
Deployer Branch filter,/marketplace/actions/deployer-branch-filter
Check out pull request merge,/marketplace/actions/check-out-pull-request-merge
ESLint Action,/marketplace/actions/eslint-action
Home Assistant Configuration Check,/marketplace/actions/home-assistant-configuration-check
action-push,/marketplace/actions/action-push
GitHub Action for Maven & JDK 11,/marketplace/actions/github-action-for-maven-jdk-11
.NET Core CLI,/marketplace/actions/net-core-cli
Hugo Blog Publisher,/marketplace/actions/hugo-blog-publisher
Hugo Blog Builder,/marketplace/actions/hugo-blog-builder
GitHub Action for captain,/marketplace/actions/github-action-for-captain
Build Hugo Site,/marketplace/actions/build-hugo-site
Keel Webhook,/marketplace/actions/keel-webhook
Deploy VM from vSphere Content Library,/marketplace/actions/deploy-vm-from-vsphere-content-library
Create vSphere Tag,/marketplace/actions/create-vsphere-tag
Cloud 66 Toolbelt,/marketplace/actions/cloud-66-toolbelt
Phalcon Action,/marketplace/actions/phalcon-action
Elixir Action,/marketplace/actions/elixir-action
Archlinux CMake builder,/marketplace/actions/archlinux-cmake-builder
One Click Docker,/marketplace/actions/one-click-docker
Packer validate,/marketplace/actions/packer-validate
check master,/marketplace/actions/check-master
Golang Action,/marketplace/actions/golang-action
Keyword Releaser,/marketplace/actions/keyword-releaser
Expo Semantic Release,/marketplace/actions/expo-semantic-release
Framer Bridge Action,/marketplace/actions/framer-bridge-action
GolangCI-Lint Action,/marketplace/actions/golangci-lint-action
Go Action,/marketplace/actions/go-action
psake task,/marketplace/actions/psake-task
Github Create Release,/marketplace/actions/github-create-release
"Elixir actions (Credo, Sobelow and formatting)",/marketplace/actions/elixir-actions-credo-sobelow-and-formatting
fission,/marketplace/actions/fission
Pulumi Command,/marketplace/actions/pulumi-command
GitHub Action for pnpm,/marketplace/actions/github-action-for-pnpm
GitHub Action for s3_website,/marketplace/actions/github-action-for-s3_website
Pipenv for Github Actions,/marketplace/actions/pipenv-for-github-actions
GitHub Action for Renovate,/marketplace/actions/github-action-for-renovate
Kubernetes CLI - kubectl,/marketplace/actions/kubernetes-cli-kubectl
Laravel PHP Insights Action,/marketplace/actions/laravel-php-insights-action
PHP Insights Action,/marketplace/actions/php-insights-action
Phalcon Composer Action,/marketplace/actions/phalcon-composer-action
Checkout submodules,/marketplace/actions/checkout-submodules
Skip based on commit message,/marketplace/actions/skip-based-on-commit-message
Rust MUSL Builder,/marketplace/actions/rust-musl-builder
.NET Core Command-Line Interface,/marketplace/actions/net-core-command-line-interface
KT NPM,/marketplace/actions/kt-npm
ShellCheck-Linter-Action,/marketplace/actions/shellcheck-linter-action
node-10-browsers,/marketplace/actions/node-10-browsers
Trusted Hugo,/marketplace/actions/trusted-hugo
Git Submodules Init,/marketplace/actions/git-submodules-init
action-maven,/marketplace/actions/action-maven
Draft an RC,/marketplace/actions/draft-an-rc
github-actions-nodejs,/marketplace/actions/github-actions-nodejs
EditorConfig-Action,/marketplace/actions/editorconfig-action
clang-tidy check,/marketplace/actions/clang-tidy-check
Meterian Scanner,/marketplace/actions/meterian-scanner
github-actions-workman,/marketplace/actions/github-actions-workman
PlantUML CLI,/marketplace/actions/plantuml-cli
Pelican for GitHub Pages,/marketplace/actions/pelican-for-github-pages
Intermediate build.,/marketplace/actions/intermediate-build
Flutter CLI,/marketplace/actions/flutter-cli
deploy-action,/marketplace/actions/deploy-action
App Inventor Extension,/marketplace/actions/app-inventor-extension
GitHub Action for NPM/Chrome,/marketplace/actions/github-action-for-npm-chrome
GitHub Action for Yarn + Cypress,/marketplace/actions/github-action-for-yarn-cypress
Lua Action,/marketplace/actions/lua-action
Github Action for curl,/marketplace/actions/github-action-for-curl
Github Action for wget,/marketplace/actions/github-action-for-wget
Install pipenv,/marketplace/actions/install-pipenv
Github Sync,/marketplace/actions/github-sync
Post Slack messages,/marketplace/actions/post-slack-message
GitHub Action for IFTTT,/marketplace/actions/github-action-for-ifttt
Setup Nuget.exe,/marketplace/actions/setup-nuget-exe
Setup VSWhere.exe,/marketplace/actions/setup-vswhere-exe
Setup PostgreSQL,/marketplace/actions/setup-postgresql
OSKAR-phpcs,/marketplace/actions/oskar-phpcs
Setup MSBuild.exe,/marketplace/actions/setup-msbuild-exe
Laravel PHPUnit,/marketplace/actions/laravel-phpunit
Android build action,/marketplace/actions/android-build-action
Eleventy Action,/marketplace/actions/eleventy-action
KinD (Kubernetes in Docker) Action,/marketplace/actions/kind-kubernetes-in-docker-action
Envato Uploader,/marketplace/actions/envato-uploader
Wait / Sleep,/marketplace/actions/wait-sleep
dipshit/kubeval,/marketplace/actions/dipshit-kubeval
WordPress Org Deploy,/marketplace/actions/wordpress-org-deploy
Setup Hub,/marketplace/actions/setup-hub
Continuous Benchmarking for Go,/marketplace/actions/continuous-benchmarking-for-go
Flutter action,/marketplace/actions/flutter-action
FRC Build & Test,/marketplace/actions/frc-build-test
now-deploy-preview-comment,/marketplace/actions/now-deploy-preview-comment
TypeScript Container Action Template,/marketplace/actions/typescript-container-action-template
composer-php,/marketplace/actions/composer-php
GitHub repository operations,/marketplace/actions/github-repository-operations
Run SSH command,/marketplace/actions/run-ssh-command
setup-php,/marketplace/actions/setup-php
Sphinx Build,/marketplace/actions/sphinx-build
OSKAR-PHP-CS-Fixer,/marketplace/actions/oskar-php-cs-fixer
Racket Package CI,/marketplace/actions/racket-package-ci
Action - Deployer php,/marketplace/actions/action-deployer-php
Hugo gh-pages action,/marketplace/actions/hugo-gh-pages-action
PR Lint Action,/marketplace/actions/pr-lint-action
Create Release,/marketplace/actions/create-release
Rust MUSL Builder Slim,/marketplace/actions/rust-musl-builder-slim
"Build, Tag, Publish Docker",/marketplace/actions/build-tag-publish-docker
Install Poetry,/marketplace/actions/install-poetry
Source2Image,/marketplace/actions/source2image
Binary-only container,/marketplace/actions/binary-only-container
GitHub Action for Nerdbank.GitVersioning,/marketplace/actions/github-action-for-nerdbank-gitversioning
Copy via ssh,/marketplace/actions/copy-via-ssh
Firestore Backup,/marketplace/actions/firestore-backup
GitHub Repo Sync,/marketplace/actions/github-repo-sync
setup-docker,/marketplace/actions/setup-docker
Setup MySQL,/marketplace/actions/setup-mysql
Eqela Build Action,/marketplace/actions/eqela-build-action
setup-lnmp,/marketplace/actions/setup-lnmp
Envato Publisher,/marketplace/actions/envato-publisher
Release with HEMTT,/marketplace/actions/release-with-hemtt
Flake8 action,/marketplace/actions/flake8-action
Install LuaRocks,/marketplace/actions/install-luarocks
GitHub Action for DigitalOcean - doctl,/marketplace/actions/github-action-for-digitalocean-doctl
Install Lua/LuaJIT,/marketplace/actions/install-lua-luajit
Git Sync Action,/marketplace/actions/git-sync-action
Assign Azure Blueprint,/marketplace/actions/assign-azure-blueprint
Create Azure Blueprint,/marketplace/actions/create-azure-blueprint
Hugo — Static Site Generator,/marketplace/actions/hugo-static-site-generator
Buildpack Action,/marketplace/actions/buildpack-action
Setup DMD,/marketplace/actions/setup-dmd
Mirror to GitLab and run GitLab CI,/marketplace/actions/mirror-to-gitlab-and-run-gitlab-ci
Suggest Docker Tags,/marketplace/actions/suggest-docker-tags
Run Hasura cli,/marketplace/actions/run-hasura-cli
Get LATEST,/marketplace/actions/get-latest
webfactory/ssh-agent,/marketplace/actions/webfactory-ssh-agent
Commit tagger,/marketplace/actions/commit-tagger
ghaction-cmake,/marketplace/actions/ghaction-cmake
Matterfy,/marketplace/actions/matterfy
Start MySQL,/marketplace/actions/start-mysql
Rio CLI,/marketplace/actions/rio-cli
Golang Pieline,/marketplace/actions/golang-pieline
Semantic Release Action,/marketplace/actions/semantic-release-action
Please Action,/marketplace/actions/please-action
OSKAR-phpstan,/marketplace/actions/oskar-phpstan
engineerd/configurator,/marketplace/actions/engineerd-configurator
setup-android,/marketplace/actions/setup-android
SBT Action,/marketplace/actions/sbt-action
UploadToGithubRelease,/marketplace/actions/uploadtogithubrelease
Minikube (Single node Kubernetes) Action,/marketplace/actions/minikube-single-node-kubernetes-action
CocoaPods Action,/marketplace/actions/cocoapods-action
Get Runs From Weights & Biases,/marketplace/actions/get-runs-from-weights-biases
App Center,/marketplace/actions/app-center
Setup VS Dev Environment,/marketplace/actions/setup-vs-dev-environment
Submit Argo Workflows to GKE,/marketplace/actions/submit-argo-workflows-to-gke
Laravel Vapor Action,/marketplace/actions/laravel-vapor-action
Install ninja-build tool,/marketplace/actions/install-ninja-build-tool
publish-to-git,/marketplace/actions/publish-to-git
Set up Mill,/marketplace/actions/set-up-mill
WeChat Work Messenger,/marketplace/actions/wechat-work-messenger
Release GitHub Pages,/marketplace/actions/release-github-pages
PR Build & Merge,/marketplace/actions/pr-build-merge
setup-gpg,/marketplace/actions/setup-gpg
Nightly Merge,/marketplace/actions/nightly-merge
Hugo build and Firebase Deploy,/marketplace/actions/hugo-build-and-firebase-deploy
DOCtor-RST,/marketplace/actions/doctor-rst
yarn actions (yaml),/marketplace/actions/yarn-actions-yaml
LaTeX compilation,/marketplace/actions/latex-compilation
Cloud Run,/marketplace/actions/cloud-run
Codecov Node,/marketplace/actions/codecov-node
Docker Publish,/marketplace/actions/docker-publish
Mirroring Repository,/marketplace/actions/mirroring-repository
Github Action for setup-graalvm,/marketplace/actions/github-action-for-setup-graalvm
Build Ghost Theme,/marketplace/actions/build-ghost-theme
Python Syntax Checker,/marketplace/actions/python-syntax-checker
Github Build & Deploy Action,/marketplace/actions/github-build-deploy-action
GitHub Action for Deno,/marketplace/actions/github-action-for-deno
Rust Action,/marketplace/actions/rust-action
Factorio Mod Portal Publish,/marketplace/actions/factorio-mod-portal-publish
Facebook Message Notify,/marketplace/actions/facebook-message-notify
composer-installer-action,/marketplace/actions/composer-installer-action
LINE Notify,/marketplace/actions/line-notify
Setup Java environment based on AdoptOpenJDK,/marketplace/actions/setup-java-environment-based-on-adoptopenjdk
Set up NASM,/marketplace/actions/set-up-nasm
Yarn Docker Actions,/marketplace/actions/yarn-docker-actions
Git repo backup Action,/marketplace/actions/git-repo-backup-action
Trigger Jenkins Multiple Jobs,/marketplace/actions/trigger-jenkins-multiple-jobs
SSH Execute Commands,/marketplace/actions/ssh-execute-commands
Trigger GitLab CI Job,/marketplace/actions/trigger-gitlab-ci-job
monkey-release,/marketplace/actions/monkey-release
maven-setings-action,/marketplace/actions/maven-setings-action
Enable Developer Command Prompt,/marketplace/actions/enable-developer-command-prompt
Flatpak Builder,/marketplace/actions/flatpak-builder
Docker Action,/marketplace/actions/docker-action
Post Slack,/marketplace/actions/post-slack
git-pr-release,/marketplace/actions/git-pr-release
Container Structure Tests,/marketplace/actions/container-structure-tests
Hadolint Action,/marketplace/actions/hadolint-action
ssh deploy,/marketplace/actions/ssh-deploy
setup-chromedriver,/marketplace/actions/setup-chromedriver
go-crossbuild,/marketplace/actions/go-crossbuild
danger-textlint-actions,/marketplace/actions/danger-textlint-actions
Cachix,/marketplace/actions/cachix
homebrew-tap,/marketplace/actions/homebrew-tap
setup crystal,/marketplace/actions/setup-crystal
Build with MPLabX and XC16,/marketplace/actions/build-with-mplabx-and-xc16
Set up Emacs,/marketplace/actions/set-up-emacs
Setup Nox,/marketplace/actions/setup-nox
Git Release,/marketplace/actions/git-release
salt-lint,/marketplace/actions/salt-lint
Setup Clojure,/marketplace/actions/setup-clojure
Github Release,/marketplace/actions/github-release
AWS ECR Docker Login,/marketplace/actions/aws-ecr-docker-login
ASDF Build,/marketplace/actions/asdf-build
Github Hub,/marketplace/actions/github-hub
markdown-link-check,/marketplace/actions/markdown-link-check
gh-action-buildnum,/marketplace/actions/gh-action-buildnum
S3 Check,/marketplace/actions/s3-check
vale-lint,/marketplace/actions/vale-lint
Bundler CLI,/marketplace/actions/bundler-cli
Yarn CLI,/marketplace/actions/yarn-cli
Setup Variant,/marketplace/actions/setup-variant
ChatOps For Pull Requests,/marketplace/actions/chatops-for-pull-requests
Setup Ossutil,/marketplace/actions/setup-ossutil
locate-conan-package,/marketplace/actions/locate-conan-package
Gatsby Publish,/marketplace/actions/gatsby-publish
Setup Pantheon Terminus,/marketplace/actions/setup-pantheon-terminus
DNSControl Action,/marketplace/actions/dnscontrol-action
Discord Message Notify,/marketplace/actions/discord-message-notify
Download GitHub Release,/marketplace/actions/download-github-release
Publish to npm,/marketplace/actions/publish-to-npm
Operator-SDK Action,/marketplace/actions/operator-sdk-action
GitHub Branch Deploy,/marketplace/actions/github-branch-deploy
Yarn & Percy CI,/marketplace/actions/yarn-percy-ci
Setup RabbitMQ,/marketplace/actions/setup-rabbitmq
Black Check,/marketplace/actions/black-check
Bandit Check,/marketplace/actions/bandit-check
Archives Check,/marketplace/actions/archives-check
Prospector Check,/marketplace/actions/prospector-check
Mypy Check,/marketplace/actions/mypy-check
Setup C++ environment,/marketplace/actions/setup-c-environment
Setup Emscripten,/marketplace/actions/setup-emscripten
ZEIT Now Deployment,/marketplace/actions/zeit-now-deployment
ECR Login,/marketplace/actions/ecr-login
Git Commit and Push,/marketplace/actions/git-commit-and-push
Docker Build & Push,/marketplace/actions/docker-build-push
Publish Docker Action,/marketplace/actions/publish-docker-action
Hugo to GH Pages,/marketplace/actions/hugo-to-gh-pages
abaplint Action,/marketplace/actions/abaplint-action
Verify commit,/marketplace/actions/verify-commit
GitHub Releases,/marketplace/actions/github-releases
K8S test environment creator,/marketplace/actions/k8s-test-environment-creator
cmake-configure,/marketplace/actions/cmake-configure
Setup Elm environment,/marketplace/actions/setup-elm-environment
PR Linter,/marketplace/actions/pr-linter
doctl tool installer,/marketplace/actions/doctl-tool-installer
Setup Aliyun CLI,/marketplace/actions/setup-aliyun-cli
Zip Release,/marketplace/actions/zip-release
Docker Login Build Tag Push,/marketplace/actions/docker-login-build-tag-push
PR updater,/marketplace/actions/pr-updater
AWS ECR,/marketplace/actions/aws-ecr
Setup for Ember tests,/marketplace/actions/setup-for-ember-tests
action-slack,/marketplace/actions/action-slack
Git-Crypt Unlock,/marketplace/actions/git-crypt-unlock
GitHub Action for Maven,/marketplace/actions/github-action-for-maven
Firebase App Distribution,/marketplace/actions/firebase-app-distribution
Setup CouchDB,/marketplace/actions/setup-couchdb
Kuberentes (k8s) cli - kubectl,/marketplace/actions/kuberentes-k8s-cli-kubectl
The Docker CLI,/marketplace/actions/the-docker-cli
Set up FORM,/marketplace/actions/set-up-form
Gtalk Message Notify,/marketplace/actions/gtalk-message-notify
Github Tag Bump,/marketplace/actions/github-tag-bump
Docker Vulnerability Scan With Phonito Security,/marketplace/actions/docker-vulnerability-scan-with-phonito-security
Federacy Salus Security Scan,/marketplace/actions/federacy-salus-security-scan
Setup Lua/LuaJIT,/marketplace/actions/setup-lua-luajit
github-action-tester,/marketplace/actions/github-action-tester
github-action-build,/marketplace/actions/github-action-build
Autosquash,/marketplace/actions/autosquash
Build V Project,/marketplace/actions/build-v-project
Retag Docker Image,/marketplace/actions/retag-docker-image
Build MAM,/marketplace/actions/build-mam
Swift Action,/marketplace/actions/swift-action
Raku Container Action,/marketplace/actions/raku-container-action
Upload Diawi,/marketplace/actions/upload-diawi
JFrog CLI for GitHub Actions,/marketplace/actions/jfrog-cli-for-github-actions
Nexus Repository Publisher for GitHub Actions,/marketplace/actions/nexus-repository-publisher-for-github-actions
Azure Key Vault Action,/marketplace/actions/azure-key-vault-action
Setup OKD OpenShift Cluster,/marketplace/actions/setupull-kubernetes-e2e-kindp-okd-openshift-cluster
Code Climate Coverage,/marketplace/actions/code-climate-coverage
action-ebuild-release,/marketplace/actions/action-ebuild-release
action-ebuild-test,/marketplace/actions/action-ebuild-test
action-repoman,/marketplace/actions/action-repoman
Deployment Action,/marketplace/actions/deployment-action
Custom Github Status,/marketplace/actions/custom-github-status
Anchore Container Scan,/marketplace/actions/anchore-container-scan
PHP Syntax Checker (Lint),/marketplace/actions/php-syntax-checker-lint
Bump-N-Tag Version,/marketplace/actions/bump-n-tag-version
Setup Terraform environment,/marketplace/actions/setup-terraform-environment
minikube-setup-action,/marketplace/actions/minikube-setup-action
jFrog CLI for Artifactory,/marketplace/actions/jfrog-cli-for-artifactory
minikube-wait-action,/marketplace/actions/minikube-wait-action
Gradle Command,/marketplace/actions/gradle-command
Build docker images using cache,/marketplace/actions/build-docker-images-using-cache
clj-kondo checks,/marketplace/actions/clj-kondo-checks
Trellis Deploy,/marketplace/actions/trellis-deploy
Kubeflow for CI/CD,/marketplace/actions/kubeflow-for-ci-cd
github-action-publish-binaries,/marketplace/actions/github-action-publish-binaries
Repository Dispatch,/marketplace/actions/repository-dispatch
puppet-lint-action,/marketplace/actions/puppet-lint-action
cfn-lint-action,/marketplace/actions/cfn-lint-action
GitHub Action for Yarn,/marketplace/actions/github-action-for-yarn
Filter Github Branch,/marketplace/actions/filter-github-branch
Sign Android release,/marketplace/actions/sign-android-release
Bucket Minion,/marketplace/actions/bucket-minion
Deploy to Cloudflare Workers with Wrangler,/marketplace/actions/deploy-to-cloudflare-workers-with-wrangler
Docker Login,/marketplace/actions/docker-login
GitHub Action for Cloudflare Workers,/marketplace/actions/github-action-for-cloudflare-workers
Helm tool installer,/marketplace/actions/helm-tool-installer
Kubernetes bake,/marketplace/actions/kubernetes-bake
Kubectl tool installer,/marketplace/actions/kubectl-tool-installer
Kubernetes set context,/marketplace/actions/kubernetes-set-context
Setup JFrog CLI,/marketplace/actions/setup-jfrog-cli
Trigger Buildkite Pipeline,/marketplace/actions/trigger-buildkite-pipeline
ansible-lint,/marketplace/actions/ansible-lint
Azure App Service Settings,/marketplace/actions/azure-app-service-settings
Azure Functions Action,/marketplace/actions/azure-functions-action
Azure Functions Container Action,/marketplace/actions/azure-functions-container-action
Azure Kubernetes set context,/marketplace/actions/azure-kubernetes-set-context
Azure Login,/marketplace/actions/azure-login
Azure WebApp,/marketplace/actions/azure-webapp
Azure WebApp Container,/marketplace/actions/azure-webapp-container
Codefresh pipeline runner,/marketplace/actions/codefresh-pipeline-runner
Create secret in Kubernetes cluster,/marketplace/actions/create-secret-in-kubernetes-cluster
rust-grcov,/marketplace/actions/rust-grcov
AWS Assume role GitHub Actions,/marketplace/actions/aws-assume-role-github-actions
Deploy to ECR,/marketplace/actions/deploy-to-ecr
Setup Emscripten toolchain,/marketplace/actions/setup-emscripten-toolchain
Setup Minikube Kubernetes Cluster,/marketplace/actions/setup-minikube-kubernetes-cluster
Node Code Formatter,/marketplace/actions/node-code-formatter
path-watcher-action,/marketplace/actions/path-watcher-action
HTML to PDF,/marketplace/actions/html-to-pdf
cert-2-aws-creds,/marketplace/actions/cert-2-aws-creds
GitHub Slug,/marketplace/actions/github-slug
Sentry Release Action,/marketplace/actions/sentry-release-action
rust-cargo-make,/marketplace/actions/rust-cargo-make
Setup Perl environment,/marketplace/actions/setup-perl-environment
ReadMe API GitHub Sync,/marketplace/actions/readme-api-github-sync
Kustomized Namespace - Create Overlay,/marketplace/actions/kustomized-namespace-create-overlay
Azure Pipelines Action,/marketplace/actions/azure-pipelines-action
Kustomized Namespace - Cleanup Overlay,/marketplace/actions/kustomized-namespace-cleanup-overlay
Slack Notification,/marketplace/actions/slack-notification
GitHub Action for Build,/marketplace/actions/github-action-for-build
GitHub Action for Push,/marketplace/actions/github-action-for-push
ember-cli-code-coverage check,/marketplace/actions/ember-cli-code-coverage-check
Contentful Migration Action,/marketplace/actions/contentful-migration-action
ModLoaderTools,/marketplace/actions/modloadertools
Azure CLI Action,/marketplace/actions/azure-cli-action
Azure MYSQL Deploy,/marketplace/actions/azure-mysql-deploy
conan-export-subdirs,/marketplace/actions/conan-export-subdirs
conan-upload,/marketplace/actions/conan-upload
Slack Notify Action,/marketplace/actions/slack-notify-action
Azure Cosmos Emulator,/marketplace/actions/azure-cosmos-emulator
Start DynamoDB in GitHub Actions,/marketplace/actions/start-dynamodb-in-github-actions
Kubernetes toolset,/marketplace/actions/kubernetes-toolset
PLTcloud Action,/marketplace/actions/pltcloud-action
Lint k8s manifest files,/marketplace/actions/lint-k8s-manifest-files
Deploy to Kubernetes cluster,/marketplace/actions/deploy-to-kubernetes-cluster
Push Docker GCR,/marketplace/actions/push-docker-gcr
Docker Buildx,/marketplace/actions/docker-buildx
Mage Action,/marketplace/actions/mage-action
Golang CGO cross compiler,/marketplace/actions/golang-cgo-cross-compiler
Convox Deploy,/marketplace/actions/convox-deploy
Magento 2 actions,/marketplace/actions/magento-2-actions
PHP testing actions,/marketplace/actions/php-testing-actions
Execute Ansible Playbook,/marketplace/actions/execute-ansible-playbook
Balena Push,/marketplace/actions/balena-push
Xdebug Action,/marketplace/actions/xdebug-action
Run vim for vimhelp to html,/marketplace/actions/run-vim-for-vimhelp-to-html
Github Action for LaTeX,/marketplace/actions/github-action-for-latex
LINE Message Notify,/marketplace/actions/line-message-notify
phpspec (php-actions),/marketplace/actions/phpspec-php-actions
Create a Sentry.io release,/marketplace/actions/create-a-sentry-io-release
Setup SourcePawn Compiler,/marketplace/actions/setup-sourcepawn-compiler
Run on Architecture,/marketplace/actions/run-on-architecture
Setup Erlang,/marketplace/actions/setup-erlang
Backporting,/marketplace/actions/backporting
Setup Ruby environment with ruby-build,/marketplace/actions/setup-ruby-environment-with-ruby-build
SSH command runner,/marketplace/actions/ssh-command-runner
Cecil Action,/marketplace/actions/cecil-action
Composer Action,/marketplace/actions/composer-action
git-crypt unlock for Windows,/marketplace/actions/git-crypt-unlock-for-windows
Branch Protection Bot,/marketplace/actions/branch-protection-bot
Hugo-Site,/marketplace/actions/hugo-site
composer-php-gd-zip,/marketplace/actions/composer-php-gd-zip
LIFX Build Light,/marketplace/actions/lifx-build-light
Azure Zip Deploy,/marketplace/actions/azure-zip-deploy
Github Any Branch Tag Bump,/marketplace/actions/github-any-branch-tag-bump
PHP tool Action,/marketplace/actions/php-tool-action
GitHub Docker Action,/marketplace/actions/github-docker-action
Setup Gleam,/marketplace/actions/setup-gleam
Ensure Release,/marketplace/actions/ensure-release
Install Nix,/marketplace/actions/install-nix
semantic-pull-request,/marketplace/actions/semantic-pull-request
Upload Release Asset,/marketplace/actions/upload-release-asset
Mvn cmd,/marketplace/actions/mvn-cmd
Automated Version Bump,/marketplace/actions/automated-version-bump
dotnet-sonarscanner,/marketplace/actions/dotnet-sonarscanner
Merge pull requests,/marketplace/actions/merge-pull-requests
Sass Build,/marketplace/actions/sass-build
Deliverybot Helm Action,/marketplace/actions/deliverybot-helm-action
Run GitVersion,/marketplace/actions/run-gitversion
S3 site action,/marketplace/actions/s3-site-action
skip-commit,/marketplace/actions/skip-commit
Setup OCaml,/marketplace/actions/setup-ocaml
Private Action Loader,/marketplace/actions/private-action-loader
Build Number Generator,/marketplace/actions/build-number-generator
La clé,/marketplace/actions/la-cle
Htaccess CLI,/marketplace/actions/htaccess-cli
Setup RediSearch,/marketplace/actions/setup-redisearch
RIPS Security Scan,/marketplace/actions/rips-security-scan
Setup C++,/marketplace/actions/setup-c
Create Bintray Package,/marketplace/actions/create-bintray-package
DigitalOcean Kubernetes,/marketplace/actions/digitalocean-kubernetes
Google Cloud Platform (GCP) CLI - gcloud,/marketplace/actions/google-cloud-platform-gcp-cli-gcloud
flake8 with args,/marketplace/actions/flake8-with-args
Push to Amazon ECR,/marketplace/actions/push-to-amazon-ecr
ECLint,/marketplace/actions/eclint
Setup Cask,/marketplace/actions/setup-cask
Setup Keychain,/marketplace/actions/setup-keychain
HTMLProofer,/marketplace/actions/htmlproofer
Le Slack message,/marketplace/actions/le-slack-message
Dart/Flutter Package Analyzer,/marketplace/actions/dart-flutter-package-analyzer
Semver Release,/marketplace/actions/semver-release
Vault Secrets,/marketplace/actions/vault-secrets
Setup ecs-cli environment,/marketplace/actions/setup-ecs-cli-environment
Version Visual Studio SDK projects,/marketplace/actions/version-visual-studio-sdk-projects
App Center CLI,/marketplace/actions/app-center-cli
Fetch URL,/marketplace/actions/fetch-url
Setup Google Cloud SDK,/marketplace/actions/setup-google-cloud-sdk
Teardown surge.sh domain,/marketplace/actions/teardown-surge-sh-domain
Setup Msys2 environment,/marketplace/actions/setup-msys2-environment
Setup GraalVM environment,/marketplace/actions/setup-graalvm-environment
commit-status-updater,/marketplace/actions/commit-status-updater
snakemake,/marketplace/actions/snakemake
Setup clj-kondo,/marketplace/actions/setup-clj-kondo
Cypress.io,/marketplace/actions/cypress-io
"Amazon ECS ""Render Task Definition"" Action",/marketplace/actions/amazon-ecs-render-task-definition-action
D Compiler Installation,/marketplace/actions/d-compiler-installation
"Amazon ECS ""Render Task Definition"" Action for GitHub Actions",/marketplace/actions/amazon-ecs-render-task-definition-action-for-github-actions
"Amazon ECS ""Deploy Task Definition"" Action for GitHub Actions",/marketplace/actions/amazon-ecs-deploy-task-definition-action-for-github-actions
"Amazon ECR ""Login"" Action for GitHub Actions",/marketplace/actions/amazon-ecr-login-action-for-github-actions
BugCatcher Pro,/marketplace/actions/bugcatcher-pro
aws-secrets-manager-actions,/marketplace/actions/aws-secrets-manager-actions
Connect-VPN,/marketplace/actions/connect-vpn
Lighthouse CI Action,/marketplace/actions/lighthouse-ci-action
Variable Substitution,/marketplace/actions/variable-substitution
Upload Asset,/marketplace/actions/upload-asset
md-linkcheck,/marketplace/actions/md-linkcheck
Setup Julia environment,/marketplace/actions/setup-julia-environment
Setup Racket environment,/marketplace/actions/setup-racket-environment
Semantic version bump per branch and tag,/marketplace/actions/semantic-version-bump-per-branch-and-tag
Setup Xcode,/marketplace/actions/setup-xcode
20Scoops-CNX-Localizer,/marketplace/actions/20scoops-cnx-localizer
GitHub NPM Publisher,/marketplace/actions/github-npm-publisher
cfn-deploy Action,/marketplace/actions/cfn-deploy-action
Build Ren'Py Project,/marketplace/actions/build-ren-py-project
action-slacker,/marketplace/actions/action-slacker
JXBuild,/marketplace/actions/jxbuild
setup-java,/marketplace/actions/setup-java
amplify-cli-action,/marketplace/actions/amplify-cli-action
Maven release,/marketplace/actions/maven-release
Release Notary,/marketplace/actions/release-notary
URL Checker,/marketplace/actions/url-checker
setup-rbenv,/marketplace/actions/setup-rbenv
Publish Docker,/marketplace/actions/publish-docker
Setup Ionic,/marketplace/actions/setup-ionic
gcloud Container Registry Docker Login,/marketplace/actions/gcloud-container-registry-docker-login
Unity - Request Activation File,/marketplace/actions/unity-request-activation-file
Unity - Activate,/marketplace/actions/unity-activate
SCP Command to Transfer Files,/marketplace/actions/scp-command-to-transfer-files
SSH Remote Commands,/marketplace/actions/ssh-remote-commands
Unity - Test runner,/marketplace/actions/unity-test-runner
URLs-checker,/marketplace/actions/urls-checker
use-actions,/marketplace/actions/use-actions
Criterion Compare Action,/marketplace/actions/criterion-compare-action
redmine-plugin-test-action,/marketplace/actions/redmine-plugin-test-action
Docker Semver,/marketplace/actions/docker-semver
Katalon-Studio,/marketplace/actions/katalon-studio
Validate Flux Helm Release,/marketplace/actions/validate-flux-helm-release
Update major/minor semver,/marketplace/actions/update-major-minor-semver
GoReleaser Action,/marketplace/actions/goreleaser-action
Capistrano deploy,/marketplace/actions/capistrano-deploy
Setup PHP environment,/marketplace/actions/setup-php-environment
Setup ROS2 environment,/marketplace/actions/setup-ros2-environment
AWS SAM GitHub Actions,/marketplace/actions/aws-sam-github-actions
Compile LateX,/marketplace/actions/compile-latex
Delete a package,/marketplace/actions/delete-a-package
run-cpt,/marketplace/actions/run-cpt
Backport commit,/marketplace/actions/backport-commit
Prepare signing,/marketplace/actions/prepare-signing
ROS 2 Lint Action,/marketplace/actions/ros-2-lint-action
Remote SSH Commands,/marketplace/actions/remote-ssh-commands
kubectl-for-eks,/marketplace/actions/kubectl-for-eks
clj-kondo,/marketplace/actions/clj-kondo
conda-action,/marketplace/actions/conda-action
Upload Android Release to Play Store,/marketplace/actions/upload-android-release-to-play-store
conan-promote,/marketplace/actions/conan-promote
Build and deploy to GitHub Pages,/marketplace/actions/build-and-deploy-to-github-pages
aws-assume-role,/marketplace/actions/aws-assume-role
Changelog Generator,/marketplace/actions/changelog-generator
Trufflehog Actions Scan,/marketplace/actions/trufflehog-actions-scan
Setup Elixir,/marketplace/actions/setup-elixir
EditorConfig lint,/marketplace/actions/editorconfig-lint
Uberblatt,/marketplace/actions/uberblatt
xcode-version-setter,/marketplace/actions/xcode-version-setter
Version bumper for iOS projects,/marketplace/actions/version-bumper-for-ios-projects
Julia TagBot,/marketplace/actions/julia-tagbot
Build Godot,/marketplace/actions/build-godot
RSyncer Action,/marketplace/actions/rsyncer-action
FTL BugCatcher,/marketplace/actions/ftl-bugcatcher
Percy for Static Sites,/marketplace/actions/percy-for-static-sites
Percy for Storybook,/marketplace/actions/percy-for-storybook
Percy,/marketplace/actions/percy
eonx-com/actions-template,/marketplace/actions/eonx-com-actions-template
ROS 2 CI Action,/marketplace/actions/ros-2-ci-action
XML Lint,/marketplace/actions/xml-lint
Read Helm Chart,/marketplace/actions/read-helm-chart
Get Anaconda package version,/marketplace/actions/get-anaconda-package-version
Find and Replace,/marketplace/actions/find-and-replace
DB Processor,/marketplace/actions/db-processor
Publish to npm (using node),/marketplace/actions/publish-to-npm-using-node
GitHub Create Tag Release,/marketplace/actions/github-create-tag-release
Vale Linter,/marketplace/actions/vale-linter
Setup Kustomize,/marketplace/actions/setup-kustomize
Install Qt,/marketplace/actions/install-qt
Android Emulator Runner,/marketplace/actions/android-emulator-runner
Telegram Message Notify,/marketplace/actions/telegram-message-notify
Setup Maven,/marketplace/actions/setup-maven
GitHub Upload Release Artifacts,/marketplace/actions/github-upload-release-artifacts
Fastlane Action,/marketplace/actions/fastlane-action
Unity - Return License,/marketplace/actions/unity-return-license
cached-docker-build-push,/marketplace/actions/cached-docker-build-pushlegal/cla
Unity - Builder,/marketplace/actions/unity-builder
Git Issue Creation,/marketplace/actions/git-issue-creation
Continuous Benchmark,/marketplace/actions/continuous-benchmark
Set up a Rust toolchain,/marketplace/actions/set-up-a-rust-toolchain
Generate Plantuml,/marketplace/actions/generate-plantuml
PHPUnit (php-actions),/marketplace/actions/phpunit-php-actions
AWS CDK GitHub Actions,/marketplace/actions/aws-cdk-github-actions
PMD Source Code Analyzer Action,/marketplace/actions/pmd-source-code-analyzer-action
Salesforce SFDX CLI Action,/marketplace/actions/salesforce-sfdx-cli-action
Start MariaDB,/marketplace/actions/start-mariadb
Conform Action,/marketplace/actions/conform-action
Helm Chart Releaser,/marketplace/actions/helm-chart-releaser
Create k8s Kind Cluster,/marketplace/actions/create-k8s-kind-cluster
Terraform Apply for Azure,/marketplace/actions/terraform-apply-for-azure
Release to GitHub,/marketplace/actions/release-to-github
Setup PHP Action,/marketplace/actions/setup-php-action
Opspresso Builder,/marketplace/actions/opspresso-builder
Docker Push,/marketplace/actions/docker-push
